alpha_name,ic_mean,ic_std,ic_ir,ic_fold1,ic_fold2,ic_fold3,sharpe_mean,max_dd_mean,total_return_mean
mr_015,0.01952122247573729,0.008454512606329855,2.3089707691868413,0.026316674195619977,0.02843775204413008,0.015954712687106604,-0.05041830909823221,-97.04519644608796,-0.28669790283663177
vol_001,0.013534659983464077,0.011739382651557339,1.1529277463043235,0.014726557515629256,0.002838755376570915,0.03225567117766544,0.05033543248047964,-9.64871607238844,0.6765068677205344
vol_004,0.012969658487012816,0.01208043329005899,1.0736087171381155,0.011765867364708246,0.000536450911199895,0.03272511736036941,0.05033543248047964,-9.64871607238844,0.6765068677205344
vwap_001,0.010758886193254234,0.005908287656245018,1.820982121932091,0.017386740036360065,0.006523915542198854,0.015682292804067032,0.04869799977048981,-25.096125883997424,0.6462030855223797
vol_005,0.010396923985498789,0.0036718145945495427,2.8315492838151544,0.011000343990245095,0.004226855553358744,0.01320516958024058,0.06119583851633093,-38.728276328056076,1.0925649814455503
momentum_010,0.01011992831847665,0.006267088412700559,1.6147735043865223,0.007329114338063903,0.019973277622860393,0.010282490031393749,0.020140825855869546,-71.46931941607114,0.07405387059707016
vol_009,0.010069707152620252,0.00516849480547917,1.948286209351562,0.01516186235598074,0.002988526610586461,0.0148590900986679,0.05033543248047964,-9.64871607238844,0.6765068677205344
vol_002,0.009533424964312172,0.0051527138097197675,1.8501755223293979,0.011420144231781929,0.0008906361719965299,0.014511786725259646,0.04004628718680191,-64.66040280136532,0.42429320743340754
vol_006,0.007594956406117438,0.005086512293206646,1.4931560110964395,0.007713128068714064,0.004773101013855298,0.015723915799223574,0.05033543248047964,-9.64871607238844,0.6765068677205344
combo_003,0.007391130194709514,0.005980513983726987,1.2358687254675471,0.009920465293748947,0.008571153883538738,0.013548832680722494,0.04869799977048981,-25.096125883997424,0.6462030855223797
vwap_004,0.007207157737591608,0.010555687147291014,0.6827748527428871,0.00688783637869047,0.001627051267946394,0.024246742941393982,0.05033543248047964,-9.64871607238844,0.6765068677205344
momentum_012,0.006449021332811776,0.003497046816664328,1.844133542073423,0.003059431683617769,0.0029670066441748,0.01080518440433908,0.05033543248047964,-9.64871607238844,0.6765068677205344
vol_007,0.00565781133507074,0.0025297248742247387,2.236532277765833,0.009675926547427948,0.003211399530597889,0.0038153789718631866,0.04869799977048981,-25.096125883997424,0.6462030855223797
momentum_009,0.004709952164833997,0.011987501737436047,0.3929052331333707,0.001769674381878476,-0.010930189484675371,0.02262934301890653,0.05033543248047964,-9.64871607238844,0.6765068677205344
combo_005,0.004077143907092779,0.004643238731220354,0.8780819042705581,0.009728266767188345,0.003504657740822214,0.006069903358277995,0.03870056911881201,-9.675894034641859,0.3413248742845213
momentum_015,0.0022662234775603115,0.005168675965352277,0.438453385886777,-0.004847081816683405,-0.00048740492385796673,0.007222853655603492,0.05033543248047964,-9.64871607238844,0.6765068677205344
momentum_004,0.002099215208555065,0.006791147113688998,0.3091105483966989,0.0027173382789455625,-0.004981826571790689,0.012849678105497867,0.05033543248047964,-9.64871607238844,0.6765068677205344
mr_012,0.001309885393222945,0.012288814861661179,0.10659167771414185,0.01571998689042061,0.0004619943175380431,-0.017794432925775122,-0.05033543248047964,-96.94063103111968,-0.28653589791337775
momentum_013,0.0012545537325406885,0.005396921054786872,0.23245730663930042,0.0020752441201212835,-0.0059722157844374025,0.009099164810022866,0.05033543248047964,-9.64871607238844,0.6765068677205344
momentum_007,0.0009560494564782729,0.00469141836490026,0.20378686830216186,-0.0059081185409544,0.000424470597587282,0.0072316846013707565,0.05033543248047964,-9.64871607238844,0.6765068677205344
mr_011,0.000413861856864844,0.008893407893705777,0.04653580065272287,-0.008544196981282422,0.001651367508355164,-0.005844880936983848,-0.05054100475690823,-198.00528471057123,-0.2837380628436909
time_002,8.832875064404859e-05,0.007113213899248517,0.01241755863033729,-0.009225235794932403,0.0024573167844480644,0.010115122616909784,0.05033543248047964,-9.64871607238844,0.6765068677205344
momentum_002,-0.00011898179612735002,0.00971450685536776,-0.012247847255530681,0.012614775469128814,-0.009961248695667559,0.005994619014292989,0.05192434665961626,-6.791243224234288,0.9159205226512348
combo_001,-0.0002534807366818689,0.004980468482196821,-0.050894958493957136,-0.002801058983360121,0.0005838171519263342,0.007330942951011693,0.05033543248047964,-9.64871607238844,0.6765068677205344
momentum_008,-0.0005505262599574507,0.004292251314451951,-0.1282604907368393,-5.469163376117996e-05,0.0022873328767433745,0.003252436356052617,0.03870056911881201,-9.675894034641859,0.3413248742845213
mr_007,-0.0015470336824436489,0.006946233248549952,-0.22271548148294573,0.0005800552299796222,-0.00041332360503357614,-0.012713533390917721,-0.05033543248047964,-96.94063103111968,-0.28653589791337775
mr_014,-0.001788213032434574,0.0080266348962261,-0.22278489747619415,-0.008603940135754487,-0.005258260860104896,-0.005198498083336968,-0.05033543248047964,-96.94063103111968,-0.28653589791337775
mr_013,-0.0019727446182633895,0.011250877912053602,-0.17534139412799904,-0.007710700440080112,0.01270758912948928,-0.016882075602781054,-0.04869799977048981,-124.05088823186153,-0.2731544221849649
momentum_014,-0.0021462509045447878,0.006251114801867524,-0.3433389039509551,0.0026733486133105667,-0.011013632193025077,0.004686719206846479,0.04869799977048981,-25.096125883997424,0.6462030855223797
momentum_006,-0.0027570151300067083,0.007502833818209907,-0.3674631741563085,-0.001312088822643668,0.008928129849665668,-0.009734512883122848,-0.05700158223851212,-20.188816580565405,-0.5142905355133482
vol_010,-0.0031400746070540542,0.008144697126723733,-0.38553608049476645,-0.003652721283176626,0.00478808182330466,-0.016194780903963604,-0.05033543248047964,-96.94063103111968,-0.28653589791337775
mr_002,-0.0034360073576147846,0.0073119129259204595,-0.469919074861281,-0.0014326708750199224,-0.00022274775451434724,-0.01568566035827081,-0.05033543248047964,-96.94063103111968,-0.28653589791337775
momentum_005,-0.0037538307812440778,0.0041817302716575305,-0.8976740577187337,-0.006427035762409832,0.003200485429786373,-0.007518420993101739,-0.037216888243065196,-22.934870335337425,-0.37975238234013875
momentum_001,-0.0037538307812440778,0.0041817302716575305,-0.8976740577187337,-0.006427035762409832,0.003200485429786373,-0.007518420993101739,-0.037216888243065196,-22.934870335337425,-0.37975238234013875
vwap_002,-0.0038832173368842414,0.007019592161774514,-0.5531970016763176,0.0033569214966827875,0.0026244836998498503,-0.012735439929368722,0.05033543248047964,-9.64871607238844,0.6765068677205344
mr_006,-0.004004903477629212,0.005321813585349957,-0.7525448634003316,-0.0014891464370721437,0.00211693089103652,-0.012334741263049055,-0.05033543248047964,-96.94063103111968,-0.28653589791337775
time_003,-0.0041268491204658215,0.0034351653213225215,-1.201353860569658,-0.005287139577348778,0.0013853374498480051,-0.008035059934088871,0.05033543248047964,-9.64871607238844,0.6765068677205344
momentum_003,-0.004167563380207403,0.007158464979532232,-0.582186738654651,-0.011507294849296933,-0.00705471140628802,0.007671672587363356,0.03962160387405936,-10.18279591471816,0.25682219504701276
mr_003,-0.004228615169588526,0.005394366426329975,-0.7838946848231515,-0.001133609138267053,-0.0051302716190407705,-0.012522487980765672,-0.05033543248047964,-96.94063103111968,-0.28653589791337775
mr_009,-0.004488988625661223,0.008194273144152518,-0.5478202333131391,-0.01197094360951715,0.004037934710012075,-0.013358639927693308,-0.05033543248047964,-96.94063103111968,-0.28653589791337775
mr_001,-0.004761133016923728,0.010985523063068955,-0.4334006664579921,-0.009823567893484327,0.00750239544759135,-0.020210237026154043,-0.05033543248047964,-96.94063103111968,-0.28653589791337775
vwap_003,-0.004909206537677579,0.006983983788364526,-0.7029235299567028,-0.002668855870976912,-0.005950953758304452,-0.015211120917432618,-0.016084994753684478,-24.248076606227237,-0.21790535879134076
mr_010,-0.004975759733385261,0.006569113867990639,-0.7574476304377483,-0.004439992446077984,0.001524465682555363,-0.015750492759928587,-0.05033543248047964,-96.94063103111968,-0.28653589791337775
mr_008,-0.006139339373913332,0.008374208188288575,-0.733124760678779,-0.011853887143622736,0.005060714964096473,-0.016208987859344264,-0.05033543248047964,-96.94063103111968,-0.28653589791337775
mr_005,-0.006372902677711239,0.009291171523952764,-0.6859094852873839,0.00433884160092897,0.001355855014258242,-0.01622650022448708,-0.05033543248047964,-96.94063103111968,-0.28653589791337775
momentum_011,-0.00957729908675503,0.010305353278390347,-0.9293518453984494,-0.023863938977142212,0.003913797511628843,-0.004799629415657939,0.05033543248047964,-9.64871607238844,0.6765068677205344
time_001,-0.009650992572388325,0.003631794688577957,-2.657361827952672,-0.006802117219299478,-0.011140751111043875,-0.005775297962408214,0.05033543248047964,-9.64871607238844,0.6765068677205344
vol_008,-0.010068091977604537,0.005503441729972401,-1.8294173849016164,-0.01592742633005174,-0.0026148693694685986,-0.014737949563996528,0.05033543248047964,-9.64871607238844,0.6765068677205344
mr_004,-0.01011992831847665,0.006267088412700559,-1.6147735043865223,-0.007329114338063903,-0.019973277622860393,-0.010282490031393749,-0.020140825855869546,-23.989689679335157,-0.3091226833059908
combo_002,-0.010442119449265583,0.012467666926166516,-0.8375359649165943,-0.02287267480941661,0.010337749745407762,-0.014071944619966817,0.050511140525948475,-8.423545513908126,0.6779978331922925
vol_003,-0.012534905514631788,0.007574864441063088,-1.654802618866746,-0.014584638581578355,-0.01156012411179654,-0.022575352924706235,-0.05033543248047964,-96.94063103111968,-0.28653589791337775
combo_004,-0.012926327773588785,0.009348333531757387,-1.3827413976701335,-0.018862726722384614,0.0026989661348029775,-0.021179394791556675,0.05033543248047964,-9.64871607238844,0.6765068677205344
